Hour,Demand
0,0.3002560976
1,0.3002560976
2,0.3002560976
3,0.3002560976
4,0.3002560976
5,0.6005121951
6,0.9007682927
7,1.20102439
8,1.501280488
9,1.801536585
10,2.101792683
11,2.40204878
12,2.702304878
13,2.702304878
14,2.702304878
15,2.702304878
16,2.702304878
17,3.002560975
18,2.40204878
19,1.801536585
20,1.501280488
21,1.20102439
22,0.9007682927
23,0.6005121951