Hour,Global Solar Radiation,Radiation out of 1
1,0,0
2,0,0
3,0,0
4,0,0
5,0,0
6,0,0
7,50,0.01639344262
8,50,0.01639344262
9,75,0.02459016393
10,250,0.08196721311
11,600,0.1967213115
12,500,0.1639344262
13,450,0.1475409836
14,400,0.131147541
15,350,0.1147540984
16,200,0.06557377049
17,100,0.03278688525
18,25,0.008196721311
19,0,0
20,0,0
21,0,0
22,0,0
23,0,0
24,0,0
Total,3050,1